name,text,category
Facebook posts,"This photo shows ""headache treatments in 1890s known as vibration therapy.""",true
Rick Scott,"""The latest with the Durham report is that the Clinton campaign … actually spied on the president of the United States.”",true
Viral image,Video shows that Sûreté du Québec officers “removed their identifying names and badge numbers from their uniforms in Ottawa.”,true
Facebook posts,Queen Elizabeth II is dead.,true
Facebook posts,President John F. Kennedy “was planning to end the Federal Reserve.”,true
Viral image,"Says Rep. Marjorie Taylor Greene said, “If it weren’t for electricity, we’d all be watching TV by candlelight.”",true
Viral image,An image shows “a medical oddity that is characterized by having two pupils in each eyeball.”,true
TikTok posts,“Airline CEO gets pied for forcing vaccinations”,true
Facebook posts,“CNN confirms Trump WILL be ARRESTED.”,true
Bloggers,"List shows “1,000 peer reviewed studies questioning COVID-19 vaccine safety”",true
Facebook posts,“Trudeau declares Emergencies Act amounting to near martial law in Canada.”,true
Facebook posts,"""Ivanka Trump charged with major crime.”",true
Jesse Watters,"“Durham’s documents show that Hillary Clinton hired people who hacked into Trump’s home and office computers” and “planted evidence, fabricated evidence connecting Trump to Russia.”",true
Facebook posts,"“Johns Hopkins University confirms: You can be vaccinated with a PCR test, even without knowing”",true
Facebook posts,"""According to Congress, travel nurses need a pay cap.”",true
Tweets,Turning Point USA is a white nationalist organization.,true
Viral image,Buzz Aldrin’s comments during an interview with Conan O’Brien prove the moon landing was fake.,true
Infowars,"""Study proves children’s hearts destroyed by COVID vaccine.""",true
Instagram posts,"The New York City Police Department arrested a 9-year-old ""because she didn’t have a vaccine card in the museum.""",true
Facebook posts,The CDC was “normalizing blood clots” by tweeting about the health condition before the Super Bowl.,true
Tweets,"""Books banned in Texas include 1984, Maus, and The Handmaid's Tale, but not Mein Kampf.""",true
Tweets,A video shows that “OnlyFans has guys on campus encouraging your daughters to do porn for ‘financial freedom.’”,true
Bloggers,COVID-19 vaccines caused a 40% increase in deaths identified by a life insurance company.,true
Facebook posts,"COVID spelled backward is “divoc” which means ""possession of the evil spirit"" in Hebrew.",true
Dave McCormick,“We all know China created COVID.”,true
Facebook posts,Says a Washington Post headline and graphic about COVID-19 deaths are misleading.,true
Bloggers,"In England, “official data shows children are up to 52 times more likely to die following COVID-19 vaccination than unvaccinated children.”",true
Facebook posts,Says Bob Saget predicted his death,true
Facebook posts,“Got the old killdozer loaded up heading for Ottawa.”,true
Facebook posts,"Girl Scouts support ""Planned Parenthood and pro-abortion politicians.""",true
JD Vance,“Joe Biden uses the ATF to illegally track your gun transactions.”,true
Nicole Sirotek,Says remdesivir is responsible for killing patients hospitalized with COVID-19.,true
Viral image,Kendall Jenner edited a photo to look like she was holding a “Black Lives Matter” sign.,true
Facebook posts,"Says C.S. Lewis wrote, “They believed blindly everything they heard or read in the papers. They gave up their freedoms.”",true
Facebook posts,Comedian Heather McDonald collapsed on stage as a result of the COVID-19 vaccine.,true
Facebook posts,"“Joe Biden wants to eliminate a regulation that requires school districts to report allegations of teacher on student rape, alleged rape, and sexual assault.”",true
Facebook posts,“Fifty percent of the Ottawa police force have all turned in their resignation.”,true
Facebook posts,The federal government requires “COVID passports to visit the movies.”,true
Facebook posts,“Crisis actor in Germany forgets he’s filming on TV.”,true
Viral image,Joe Biden gave his used face mask to Stephen Breyer.,true
Tyler Lee,"ICE has been illegally releasing immigrants “in Huntersville #NC13 at big box retail locations. Feds aren’t notifying anyone, just making secret drops at 3am.”",true
Ronna McDaniel,"""We've had two members engage in a Democrat-led persecution of ordinary citizens who engaged in legitimate political discourse.”",true
Facebook posts,"Turkey, Brazil, Britain, Sweden, Spain, Czech Republic, Mexico, El Salvador, Japan and Singapore canceled all COVID-19 quarantine procedures, testing and compulsory vaccination and are considering COVID-19 “just a seasonal flu.”",true
Mauro Garza,"“They call” Jan. 6 “an insurrection,” but “were FBI agents used as political agitators?""",true
Viral image,"A Walmart in Dickson City, Pennsylvania, ran out of food.",true
NaturalNews.com,"""Food crops can be engineered right now based on existing technology to cause infertility in Black people alone.”",true
Jonathon Moseley,“It’s not illegal to go inside the Capitol” as the Oath Keepers and other Jan. 6 rioters did.,true
Watts Up With That,“Facebook is spamming all climate articles by misleading readers about” the accuracy of climate models.,true
Facebook posts,"“Few, If Any, Doses of Spikevax or Comirnaty Available in United States, Despite FDA Approvals”",true
Facebook posts,"$2,000 stimulus checks were due on Jan. 19.",true
Facebook posts,“Pennsylvania had 2.6 million mail in votes that the court of appeals of PA held to be unconstitutional. Umm that alone means Biden lost PA.”,true
Facebook posts,"A photo shows a crash in Eminence, Indiana.",true
Facebook posts,"Says Johns Hopkins virologist ""James Kelly"" said the COVID-19 vaccine “discriminates, divides, and judges society as it is.”",true
Instagram posts,“Canadian Prime Minister Justin Trudeau pays mainstream media $600 million to report in favor of him.”,true
Bloggers,Dr. Phil and other celebrities are endorsing CBD gummies.,true
Tweets,Research from Japan shows “ivermectin is effective against omicron in Phase III trial.”,true
Facebook posts,‘The Simpsons’ predicted Canada’s trucker convoy protest.,true
Instagram posts,“The convoy in Canada has made the Guinness Book of World Records for the longest convoy.”,true
Viral image,Picture shows the “Freedom Convoy” trucks in Canada.,true
Viral image,“Over 65% of the country believes that (the) 2020 election was fraudulent. That number was around 35% a year ago.”,true
Facebook posts,"""British data show the COVID shots are an abysmal failure, as COVID infection rates in the U.K. are higher among the ‘fully vaccinated’ in all adult cohorts.”",true
Facebook posts,Hundreds of ‘illegals’ were dropped off at Florida hotel.,true
Tweets,"Video shows troops at the Ukraine-Russia border on Jan. 27, 2022.",true
Donald Trump,Proposed changes to the Electoral Count act show Pence had the power and “could have overturned the election!”,true
Facebook posts,Says Jen Psaki said in January 2022 that people will start seeing direct deposits in their bank account this weekend and payments to eligible Americans will continue for several weeks.,true
Bloggers,"Bruce Springsteen, Queen, Pearl Jam and Dave Grohl removed their music from Spotify.",true
Bloggers,The CDC staged “the ‘escaping monkeys’ as a cover story for releasing the next bioweapon.”,true
Thomas Massie,"Says Voltaire said, “To learn who rules over you, simply find out who you are not allowed to criticize.”",true
Facebook posts,Image shows a patient experiencing claustrophobia and having a panic attack during a CT scan.,true
Instagram posts,"Military data from 2021 show military members experienced spikes of 300% in miscarriages, almost 300% in cancer diagnoses and 1,000% in neurological issues.",true
Viral image,Photo shows Amish who drove 2.5 hours with the “Freedom Convoy” to cook them food at their next stop.,true
Facebook posts,"American taxpayer dollars provide “free housing, free medical, free state identification” to immigrants in the country illegally.",true
Facebook posts,"Vaccine makers “are shipping lots of jabs with varying ingredients, potency & EVEN placebo lots.”",true
Lori Lightfoot,"""Chicago maintained the lowest unemployment rate through most of 2021 of any large American city.""",true
Facebook posts,"""Large, peer-reviewed research study proves ivermectin works” as a COVID-19 preventative.",true
Ron Johnson,“All these athletes are dropping dead on the field” after receiving the COVID-19 vaccination.,true
Sean Hannity,“There's never been a president (before Joe Biden) that has made race and gender the defining factor” for a Supreme Court nomination.,true
Viral image,"250,000 trucks are participating in the “Freedom Convoy” in Canada.",true
Viral image,Says Kevin Costner recently debuted a new line of CBD gummies.,true
Viral image,"Says Dennis Miller said that if he didn’t see women protesting the Ghislaine Maxwell trial verdict “you're all frauds. This isn't justice for those women, this is a joke.""",true
Facebook posts,“Biden announces Medicare stimulus that provides free dental work to all Seniors who need it! Crowns and implants included.”,true
Viral image,Quotes show Joseph Stalin and Joe Biden expressed similar views about counting votes.,true
John Stockton,"“There’s 150 I believe now – it’s over 100 professional athletes dead, professional athletes, the prime of their life, dropping dead that are vaccinated, right on the pitch, right on the field, right on the court.""",true
Facebook posts,“It begins. Wisconsin Assembly votes to remove electoral votes from Biden.”,true
Jim Lamon,"The Biden-Harris administration ""wants to hand out $450,000 to illegal immigrants.""",true
Facebook posts,Texas Roadhouse is sending vouchers for a free steak dinner for four to everyone who shares and comments on a Facebook post.,true
Facebook posts,American citizens “pay $155 billion annually to make sure illegal immigrants are taken care of better than American citizens”,true
Facebook posts,"""If the FAA is worried about what the 5G deployment will do to the planes, what do you think it will do to our bodies?""",true
Facebook posts,"COVID-19-induced pneumonia is ""is actually mast cell degranulation of the lungs,"" a type of allergic reaction.",true
Facebook posts,“All communications to families from the US Navy have been halted.”,true
Facebook posts,President Joe Biden gave Congress an exemption from vaccine mandate,true
Viral image,Says Louie Anderson was flying to appear on Conan O’Brien’s show when he became ill a few weeks after receiving his third vaccine dose.,true
Viral image,"Says Chuck Norris recorded a video in response to the Biden administration saying, “Our great country and freedom are under attack.”",true
Facebook posts,"A German doctor discovered the COVID-19 vaccines include graphene oxide or graphene hydroxide, and the full list of ingredients is secret because of the emergency use authorization.",true
Aaron Rodgers,The CDC said that 75% of COVID-19 deaths have involved people with at least four comorbidities.,true
Mitch McConnell,The Freedom to Vote Act is “a sprawling takeover of our whole political system.”,true
TikTok posts,Richard von Coudenhove-Kalergi planned “the ethnocide of the peoples of Europe” through “the encouragement of mass non-white immigration.”,true
Facebook posts,“Dyson is canceling their contract with Walmart and selling off Dyson Supersonic” hair dryers “only for $1!”,true
Viral image,A schedule proves Donald Trump was recently participating in presidential activities.,true
Viral image,Four players have dropped out of the Australian Open with “chest pains.”,true
Viral image,Tim Tebow used to “kneel in prayer and the NFL complained.”,true
Viral image,"“Supreme Court Justice Sonia Sotomayor tests positive for COVID-19 despite triple vaccination, diligent masking and working from home.”",true
Michael Savage,Rabbi taken hostage in Texas synagogue is “anti-Zionist” who may have known gunman.,true
Tweets,Novak Djokovic is the first professional athlete to be banned from a major sporting event for “not taking drugs.”,true
Instagram posts,"""Blue Cross Blue Shield pays your doctor a $40,000 bonus for fully vaccinating at least 100 patients under the age of two.""",true
Viral image,“DirecTV cancels OAN after Joe Biden orders media outlets and tech giants to banish voices that deviate from the regime’s official narrative.”,true
Facebook posts,Former President Donald Trump “is fluent in Japanese.”,true
Facebook posts,“If you stop testing (for COVID-19) it all goes away and people just have colds like before.”,true
Reiner Fuellmich,"""Even the WHO has conceded that the (SARS- CoV-2) virus … is no more dangerous than the common flu, with an infection fatality rate of 0.14%.""",true
Facebook posts,Images show how climate change destroyed the Greenland ice sheet and harmed a polar bear from 2009 to 2019.,true
America First Political Committee,Carlos Gimenez “wants a national database to track you and discriminate against you.”,true
TikTok posts,Video shows Alexandria Ocasio-Cortez pouring shots for a group of people “days before testing positive” for COVID-19.,true
Facebook posts,"“The Wisconsin voter roll has over 120,000 active voters who have been registered to vote for over 100 years.”",true
Viral image,"A Mack Trucks employee told Joe Biden, “You can’t drive anything besides the country into the ground.”",true
Joe Biden,"As a youth, “I got arrested” protesting for civil rights.",true
Viral image,"Retired U.S. presidents and members of Congress collect full salaries “for life.""",true
Viral image,"“When a person cries, if the first drop of the tears come from the right eye, it’s happiness. But when it comes from the left eye, it’s pain.”",true
Viral image,Video shows Rafael Nadal and Roger Federer laughing at Novak Djokovic after he was stuck in an Australian airport.,true
Viral image,Video shows China launching an “artificial sun” into space.,true
Facebook posts,“The CDC director just said that 75% of ‘Covid deaths’ occurred in people with at least four comorbidities.”,true
Viral image,"Says Steve Jobs said, “I realize that all my recognition and wealth that I have is meaningless in the face of imminent death.”",true
Tim Baxter,Says Alexandria Ocasio-Cortez “says that all young people want to be socialists.”,true
Facebook posts,Says Supreme Court Justice Sonia Sotomayor was photographed at dinner with Democratic lawmakers.,true
Facebook posts,"""Clarence Thomas’s wife was one of the organizers of Jan 6th""",true
Facebook posts,"""Biden's CDC Director ADMITS Her Own Employees Aren't Getting Vaccinated.""",true
Facebook posts,“A tragic end today” for CNN’s Sanjay Gupta,true
Tweets,Says Bob Saget died from the COVID-19 vaccine.,true
Dana Perino,A law backed by Virginia Democrats barred local sheriffs from having military equipment that “would have come in very helpful” with the I-95 traffic jam.,true
Dinesh D'Souza,"Recently released Jan. 6 footage shows ""these cops using massive amounts of force against unarmed Trump supporters, including women.""",true
Sonia Sotomayor,"“We have over 100,000 children, which we’ve never had before, in serious condition, and many on ventilators” due to the coronavirus.",true
Rand Paul,“No one has been hospitalized for” the omicron variant of COVID-19.,true
Bloggers,Says Georgia Secretary of State Brad Raffensperger “to investigate himself over voter fraud.”,true
Bloggers,“Data from around the world suggests that omicron favors the fully vaccinated.”,true
Facebook posts,"If you have “natural immunity,” getting vaccinated against COVID-19 “is more likely to harm you severely.”",true
The Gateway Pundit,"""Germany: 96% of Latest Omicron Patients were FULLY Vaccinated – Only 4% Unvaccinated”",true
Facebook posts,"""Half a million sharks could be killed to make the COVID-19 vaccine.""",true
Facebook posts,Electric vehicles would not have fared well in the Virginia snowstorm traffic jam.,true
Facebook posts,Pfizer made $37 billion in profit in its last quarter.,true
Joe Volk,"“In Wisconsin, we have 50% of the population paying 50%, 60%, 70%, sometimes 80% for their housing.”",true
TikTok posts,"When children are given vaccines for COVID-19, “a viral gene will be injected into your children's cells. This gene forces your child’s body to make toxic spike proteins. These proteins often cause permanent damage in children’s critical organs.""",true
Viral image,Photo shows former French education minister Najat Vallaud-Belkacem herding sheep as a child in Morocco.,true
Viral image,An email shows that employers are requiring employees to wear masks during Zoom meetings.,true
Instagram posts,"Tylenol ""ruins your ability to kill” COVID-19.",true
Bloggers,"“Chief Justice John Roberts goes after the highest court in the land, citing their ‘inappropriate political influence.’”",true
Bloggers,“Pfizer CEO: New Pill Will Have a Microchip That Transmits Info Once You Swallow It!”,true
Save America PAC,President Joe Biden “never had a” COVID-19 “plan.”,true
Facebook posts,President Joe Biden “has the lowest approval rating of any president ever.”,true
Instagram posts,"""Yale study: Vaccinated people more likely to be infected than those without the jab.”",true
Facebook posts,A judge sealed “all the evidence and proof of who helped Ghislaine Maxwell sex traffic children.”,true
Instagram posts,The CDC finally admits its COVID-19 test can’t tell the difference between the virus and the flu,true
Facebook posts,Vaccines are why flights have been shut down worldwide.,true
Congressional Progressive Caucus PAC,“Trump cut Social Security benefits by over $3 billion.”,true
Tweets,“WHO Director-General: The vaccines are being used to kill children.”,true
Peter McCollough,Teens are “more likely to be hospitalized with myocarditis” from the COVID-19 vaccines than to be “hospitalized with COVID.”,true
Facebook posts,"""Polar bears have increased 400% in 45 years; whales are nearly fully recovered; extinctions are down 90% past century. Koalas are doing fine. If we could ban wind turbines we could save 85,000 birds of prey/yr in US alone.""",true
Facebook posts,NASA study says snake plants can produce enough oxygen for humans to live in a sealed room.,true
Alexandria Ocasio-Cortez,"“I represent more, or just as many or more, people than Joe Manchin does.”",true
Facebook posts,"Eating grapefruit, “if you're on antidepressants,” can “cause a fatal overdose.”",true
Bloggers,"""Electromagnetic radiation from wireless technologies, including and especially 5G, can cause the same symptoms as COVID-19!""",true
Facebook posts,"Says Kellogg’s tweeted, “Oh, so you think it's cool when workers strike jobs? Now replace 'jobs' with 'women.' Still think it's 'cool'?""",true
Facebook posts,"The omicron variant of COVID-19 “came out” in 2021, but “the copyright on this book” about the variant is 2020.",true
Facebook posts,“Maybe they’re just calling the common cold … the omicron variant.”,true
Facebook posts,“Moderna patent uncovers horror nanocensor contained in bioweapon.”,true
Viral image,It’s a myth that autism is genetic.,true
Facebook posts,"“Dr. Ugur Sahin, CEO of BioNTech and inventor of the BIO N TECH Pfizer jab, refuses to take the jab for safety reasons.”",true
Bloggers,“Santa Claus arrested by German police for not wearing a mask.”,true
Facebook posts,“McDonald’s puts aborted baby fetuses in their food.”,true
Viral image,“Dr. Fauci opens up the possibility that the COVID-19 vaccine could be making people more likely to be infected by the virus.”,true
Viral image,Photo shows “the jabbed and the unjabbed … separated with a fence in a supermarket” in Germany.,true
Facebook posts,Microsoft and Bill Gates created a 1999 video game called “Omikron.”,true
Facebook posts,Soft-tissue cancer diagnoses have “climbed through the roof” in 2021 as a result of COVID-19 vaccines.,true
Instagram posts,A video from British public broadcaster BBC shows the network was part of a 9/11 conspiracy.,true
Facebook posts,“California store owner prices all items at $951 so thieves can be prosecuted.”,true
Joe Biden,“I’ve been against that war in Afghanistan from the very beginning.”,true
Bloggers,"""2,809 Dead Babies in VAERS Following COVID Shots as New Documents Prove Pfizer, the FDA, and the CDC Knew the Shots Were Not Safe for Pregnant Women""",true
Lindsey Graham,“The CBO says (the Build Back Better Act) is $3 trillion of deficit spending.”,true
Facebook posts,“Wisconsin 2020 election investigation finds more illegal votes were cast than Biden's margin of victory.”,true
Facebook posts,Says Anthony Fauci “wants Americans to get 4 shots per year.”,true
Bloggers,"At Lions Gate Hospital in Vancouver, “13 babies were reportedly stillborn at the hospital in a period of 24 hours. All of their mothers had received a COVID-19 injection.”",true
Facebook posts,"“Dr. Oz releases COPD gummies that help quit smoking, detox lungs and stop COPD.”",true
Instagram posts,"Deaths from vaccines have totaled 1,621 from Johnson & Johnson, 4,799 from Moderna, 13,039 from Pfizer and 73 from unknown vaccines. And this is an undercount because “only 1% of deaths are reported.”",true
Facebook posts,German chemist Andreas Noack was “assassinated just hours after publishing the secret of the vax by government operatives.”,true
Facebook posts,Warnings about heart problems and blood clots in cold weather are to cover up COVID-19 vaccine side effects.,true
Bloggers,"The COVID-19 vaccines ""suppress the immune system"" and make people more susceptible to HIV, shingles and herpes.",true
Facebook posts,"Society is “choosing blood clots and heart problems over cold and flu symptoms, or even no symptoms at all.”",true
Viral image,"The crew of the U.S.S. Constitution consumed more than 252,000 gallons of alcohol and only 10,000 gallons of water on a seven-month trip.",true
Facebook posts,"“The toxicity of COVID-Omicron is 5 times higher than that of the delta variant, and the mortality rate is also higher than that of Delta.”",true
Viral image,Ghislaine Maxwell’s co-defendants include Beyonce and Kanye West.,true
Facebook posts,Electric vehicles are more likely to fail in traffic jams.,true
Facebook posts,"""COVID-19 vaccines do not stop transmission of COVID, but instead increase it.”",true
Donald Trump,"Gas prices were ""$1.86 when I left"" the White House.",true
Facebook posts,"A campaign poster for New Zealand Prime Minister Jacinda Ardern with the slogan, “No jab. No job, no refunds.”",true
Facebook posts,“There’s only one reporter on site” at the Ghislaine Maxwell trial.,true
Viral image,Photo shows “a German mall separating the vaccinated and unvaccinated.”,true
Facebook posts,"""Pathogens evolve to become less, not more, virulent over time” because otherwise, “they’d destroy their hosts which they depend on to live.”",true
Bloggers,“Only the fully vaccinated should fear the new ‘worst ever’ Covid-19 variant; data shows they already account for 4 in every 5 Covid deaths”,true
Viral image,A video shows people in Romania protesting COVID-19 vaccines.,true
Viral image,Says Boris Johnson faked getting his booster shot.,true
Facebook posts,Says Prince Harry and Meghan Markle’s baby doesn’t exist.,true
Facebook posts,"A Canary Islands volcano eruption could lead to a mega tsunami in the U.S., with a 160-foot wave and no warnings.",true
Tweets,"""Tap water is testing positive for COVID!”",true
Instagram posts,COVID-19 vaccines are gene therapy and a recent Forbes article proves that.,true
Joe Biden,“I used to drive a tractor trailer … I only did it for part of a summer.”,true
Kevin McCarthy,The House-passed Build Back Better bill is a “government takeover of child care.”,true
Sean Hannity,"""If you look pre-COVID"" under President Donald Trump, ""we didn't import a single barrel of oil from Saudi Arabia.”",true
Joe Biden,"""The number of small businesses is up 30% compared to before the pandemic.""",true
The Gateway Pundit,"Because of omicron, “the Biden administration has decided to leave the U.S. southern border completely open.”",true
Bloggers,Heart complications are one symptom “listed” for the omicron variant and are being “used to cover up effects” of COVID-19 vaccines.,true
Facebook posts,Black Friday originated in 1904 when enslaved people were sold at a discount to boost the economy.,true
Facebook posts,“BREAKING: Judge in Ghislaine Maxwell trial issues media-wide gag order: all press & spectators barred from courtroom.”,true
Facebook posts,"Low gas prices in Russia, Kuwait and Saudi Arabia show that Joe Biden’s decision to cancel the Keystone Pipeline project is to blame for U.S. prices.",true
Viral image,“Kyle Rittenhouse files $400 million suit against CNN!”,true
Viral image,Says Virgil Abloh was a defendant in Ghislaine Maxwell’s criminal case when he died a day before the trial started.,true
Bloggers,Athletes are collapsing with heart-related issues due to the COVID-19 vaccines,true
Viral image,A photo shows Jeffrey Epstein with Joe Biden.,true
Viral image,“Only Reuters” reported that the doctor who detected the omicron variant said its symptoms are “very mild.”,true
Bloggers,"“COVID death rates 4 to 1, vaccinated to unvaxxed”",true
Facebook posts,We know in November 2021 that “none of your previous vaccines will protect you now from the emerging variant omicron.”,true
Viral image,The omicron variant’s name is evidence the coronavirus pandemic is a hoax.,true
Viral image,"Says a Vox headline said, “teaching children the Bunny Ear method for tying their shoes” is racist.",true
Viral image,“Celine Dion has been paralyzed by the COVID vaccine and cancels her tour.”,true
Facebook posts,"""Nancy Pelosi just bought a 11,000 square foot $25 million mansion in Florida.""",true
Viral image,“Kyle Rittenhouse files a $60 million lawsuit against Joy Behar and Whoopi Goldberg.”,true
Viral image,Photo shows people recently protesting in Austria.,true
Jerrold Nadler,Kyle Rittenhouse was an “armed person” crossing state lines when he came to Kenosha protests in 2020.,true
Facebook posts,“The gas station where they initially attacked” Kyle Rittenhouse “is owned by his grandparents.”,true
Instagram posts,“Vitamin D levels of 50 ng/mL correlates to zero mortality rate from COVID.”,true
Alex Jones,"""Fauci admits Covid vax doesn't work""",true
Facebook posts,The Vatican owns a telescope called Lucifer.,true
Facebook posts,President Joe Biden will “control health care costs by slapping a 95% tax on prescription drugs.”,true
Kevin McCarthy,“If you or your family spends $28 a day — prepare to be under constant audit by the IRS.”,true
Facebook posts,Photos showed “bricks everywhere” in Kenosha during the Kyle Rittenhouse trial.,true
Bloggers,“German News Agency Tracks 75 Prominent Athletes Suddenly Dead Of Heart Attacks After COVID Vax”,true
Bloggers,COVID-19 vaccines contain luciferase.,true
Kevin McCarthy,“Never in American history has so much been spent at one time. Never in American history will so many taxes be raised and so much borrowing be needed to pay for this reckless spending.”,true
Facebook posts,Says Bill Gates is linked to the discovery of vials labeled “smallpox” at Pennsylvania lab.,true
Jen Psaki,“No economist out there is projecting that (the Build Back Better bill) will have a negative impact on inflation.”,true
Facebook posts,Keystone Pipeline was blocked by Obama on Warren Buffett’s behalf.,true
Viral image,"Unleaded gas costs nearly $7 in Lancaster, Calif.",true
Progress Iowa,"""Only one member of Iowa’s federal delegation"" voted in favor of the bipartisan infrastructure legislation.",true
Tweets,"""Bill Gates just admitted that the Pfizer and Moderna mRNA vaccines don’t work well.""",true
TikTok posts,The COVID-19 vaccines “failed miserably” in animal trials and are “a type of gene therapy that several top scientists warn will kill you.”,true
Viral image,“Close to hundreds” of people died at Astroworld.,true
Facebook posts,"“500 National Guardsmen being called to Kenosha ahead of the Rittenhouse verdict. Had they done this in the first place, there wouldn’t have been a trial.”",true
Facebook posts,A Kansas City tourism sign had a terrible typo.,true
Bloggers,“Disturbing Pfizer ad tells kids they’ll get superpowers from COVID jab.”,true
Facebook posts,"A new medical diagnosis code has been designated for people who decline vaccines, and it will be used to help determine who will go into ""education camps.""",true
Facebook posts,“Stalin once ripped all the feathers off a live chicken as a lesson to his followers.”,true
Viral image,Kyle Rittenhouse’s mother “drove him across state lines and dropped him off in the middle of a riot armed with an assault rifle” in Kenosha.,true
Facebook posts,Video shows irate airline passenger demanding a seat away from an unvaccinated passenger and being asked to leave the airplane.,true
Facebook posts,Scam artists are using Amazon to send people face masks laced with “something toxic.”,true
Bloggers,"""Report finds increased risk of spontaneous abortion following COVID-19 vaccination during pregnancy” after correcting “major error” in CDC study.",true
Facebook posts,"No new COVID-19 cases in Uttar Pradesh, India, due to use of ivermectin",true
Joe Biden,“No governor in Virginia has ever won when...he or she is the same party as the sitting president.”,true
Steve Kirsch,“Gavin Newsom is out of sight likely because he has Guillain-Barre syndrome from his booster shot.”,true
Facebook posts,"""Italy drastically reduced the country’s official COV1D-19 death count by over 97%. This means Covid killed fewer people than an average seasonal flu.”",true
Infowars,“Sending your child to school” on a day when vaccines are being administered “is implied consent” for getting the COVID-19 vaccine.,true
Facebook posts,"Live Nation scheduled the 50,000-person Astroworld music festival at a venue that has a capacity of 20,000.",true
Tweets,Photos show “diesel generators” at the COP26 climate change conference.,true
Viral image,"A banner for COVID-19 vaccines says, “Don’t forget to donate your childrens organs.”",true
Facebook posts,“Queen Elizabeth d-e-a-d at age 95.”,true
Facebook posts,President Joe Biden threatened to “swoop down with Special Forces folks and gather up every gun in America.”,true
Project Veritas,A crime was committed when a New Jersey election worker allowed someone who said he was not a citizen to fill out a ballot.,true
Bloggers,“Australian military being trained to **force vaccinate** in door-to-door attacks.”,true
Rebecca Kleefisch,The Biden Department of Justice “would use the FBI to target parents who speak out against critical race theory.”,true
Tweets,“Fox News went from 97% reporting to 94% in Virginia. The fraud is so blatant it's not funny anymore.”,true
Bloggers,"“Pfizer Confirms COVID-Vaccinated People Can ‘Shed’ Spike Proteins And Harm The Unvaccinated""",true
Aaron Rodgers,"""This idea that it's the pandemic of the unvaccinated, it's just a total lie.""",true
Facebook posts,"The Astroworld concert was a “test run on the vaxxed” because people who are injected with graphene oxide can be controlled through magnetic frequencies, including music.",true
Bloggers,"United Kingdom “government reports suggest the fully vaccinated are rapidly developing Acquired Immunodeficiency Syndrome.""",true
Facebook posts,"Dr. Herbert Smitherman invented Crest toothpaste, Folgers coffee, Safeguard soap and Bounce fabric softener.",true
Viral image,Bergen County in New Jersey gave more votes to the Democratic gubernatorial candidate after all the ballots were counted.,true
Facebook posts,"“The Spanish High Court has announced (COVID-19) is a bio weapon with a patent, not a virus.”",true
Facebook posts,“Scientists say this map represents the US in 30 years if we don’t reverse climate change.”,true
Facebook posts,“Trash bins discovered outside the Gloucester County Board of Elections containing blank ballots as well as bags of shredded ballots from Tuesday’s election!”,true
Viral image,"“The day Al Gore was born there were 130,000 glaciers on Earth. Today, only 130,000 remain.”",true
Facebook posts,The premier of Australia’s Victoria state “is freezing people’s bank accts” if they are not vaccinated. “They can’t buy or sell until forced into submission.”,true
Facebook posts,"“Moderna has been pulled in Iceland and pulled for everyone under age 30 in Finland, Sweden, Norway, Denmark due to heart issues.”",true
Tucker Carlson,"Federal agents directly incited people on Jan. 6, 2021, and ""intentionally entrapped"" American citizens.",true
Viral image,“Global warming is part of (a) natural cycle and there’s nothing we can actually do to stop these cycles.”,true
Jack Posobiec,"A photo taken on Jan. 6, 2021, at the United States Capitol riot was “doctored to look as if the Capitol was on fire.”",true
Tucker Carlson,“DEA agent Mark Ibrahim was forced from his job and later indicted simply because he was near the Capitol protest on Jan. 6.”,true
Viral image,In-N-Out cups say “Let’s go Brandon.”,true
Instagram posts,"Children who receive COVID-19 vaccinations ""will be walking factories of spike proteins"" that will ""undoubtedly cause illnesses to spread like wildfire in schools.""",true
Instagram posts,"""National Guard to fill in for cops who refuse to get vaccinated.""",true
Facebook posts,“Virginia Democrat operatives” and Terry McAuliffe campaign staffers posed as white supremacists and stood by Republican Glenn Youngkin’s bus.,true
TikTok posts,“The Biden administration wants to create an international oversight committee” to alter or cancel Second Amendment rights.,true
Facebook posts,"“Unmask your kids! Any carbon dioxide concentrations above” 2,000 parts per million are “dangerous!”",true
Instagram posts,Blood “starts to clot in a minute or two” after a Pfizer COVID-19 vaccine injection.,true
Viral image,In-N-Out cups say “F--- Joe Biden.”,true
Facebook posts,“Atlanta just lost 75% of its police force”,true
Viral image,"""There is no such thing as a booster. There is a failed product that is sometimes used again in hopes of a different outcome.”",true
Alex Berenson,"In the United Kingdom, “70-plus percent of the people who die now from COVID are fully vaccinated.”",true
Instagram posts,Says Jen Psaki said Joe Biden wants to protect “marked people.”,true
Viral image,"Says Donald Trump said, “Alec Baldwin, a total loser, has taken his impression of me to a new low by testing out this theory” by shooting someone.",true
Byron Brown,"“Three percent is not a modest tax increase, if you own a $100,000 home in the city of Buffalo, that means an extra $300 a year.”",true
Viral image,“79.4% of babies who die of ‘SIDS’ had a vaccine the same day.”,true
Viral image,"Photo shows Sheryl Crow wearing a shirt that says, “Keep America Trumpless.”",true
Facebook posts,President Joe Biden withdrew troops from Afghanistan “simply because of Trump Derangement Syndrome and they wanted to reverse any policy that Trump had implemented.”,true
Viral image,“Indiana State Police offers to hire Chicago officers who REFUSE TO COMPLY with vax mandate.”,true
Facebook posts,A White House photographer took a picture of Donald Trump at the White House on Oct. 24.,true
Instagram posts,"With COVID-19, vaccinated people ""are the real threat to"" unvaccinated people.",true
Ashley Hinson,Democrats are “asking for a blank check book to spend as much as they want without worrying about the repercussions.”,true
The Charlie Kirk Show,“Australia to Implement Quarantine Camps for the Unvaxed”,true
Viral image,"Terry McAuliffe has a campaign sign that says, “Keep parents out of classrooms.”",true
Facebook posts,The remains of Brian Laundrie that were discovered in Florida belong to a twin.,true
Bloggers,“Barack Obama signals That Democrats Intend to Cheat in the Virginia Governor’s Election.”,true
Instagram posts,“NIH COVID Treatment Guidelines Approve Ivermectin”,true
Jim Banks,"Says he is the ""ranking member"" of the House select committee investigating the Jan. 6 attack on the U.S. Capitol.",true
Instagram posts,Cargo ships “can’t get into port” because of Donald Trump’s executive order 13959.,true
Instagram posts,“There’s been no” TV commercials for the COVID-19 vaccines because “they are required by law to list all adverse side effects.”,true
Steve Chabot,We are seeing “the Justice Department treat American parents as domestic terrorists” under the Patriot Act.,true
Viral image,Facebook is changing its hate speech policy to ban “Let’s go Brandon.”,true
Viral image,"A news report quoted Alec Baldwin saying, “How about I just f----- shoot the both of ya?”",true
Instagram posts,"Two forms of fluoride in our drinking water “are so toxic that the CDC clearly labels these chemicals extremely toxic in both animals and humans.""",true
Viral image,There will be a “clown purge” on Oct. 30.,true
TikTok posts,"“So now if you don’t comply” and get a COVID-19 vaccination, and you’re on “Social Security or disability, you won’t be able to receive your money.”",true
Heritage Action,"The Freedom to Vote Act ""automatically registers ineligible voters.""",true
Instagram posts,"The FEMA health care workers replacing the noncompliant nurses and doctors are NOT required to get vaccinated via the CDC.""",true
Facebook posts,"A photo shows a $123,199 turkey for sale at Target “this year.”",true
Facebook posts,"In the United Kingdom, “81% of COVID-19 deaths are among the vaccinated.”",true
Facebook posts,A photo shows sex traffickers using an abandoned child car seat to lure in victims.,true
Instagram posts,"“Parents who challenge school curriculums are domestic terrorist(s).""",true
Tweets,The percentage of vaccinated employees at United Airlines increased after the mandate because unvaccinated employees left the company.,true
Byron Brown,"“My opponent’s plan for people who commit sexual assault, sexual predators, is no jail time.”",true
Bloggers,“Pfizer admits there’s no vaccine approved by FDA.”,true
Bloggers,“Europe COMPLETELY BANS the Moderna vaccine for young people.”,true
Kimberly Klacik,An image of empty grocery store shelves shows the effect of President Joe Biden's “Build Back Better” plan.,true
Viral image,"“Under part 2 of the infrastructure bill, upon death the entire value of your accumulated wealth and estate will be taxed at 61%.”",true
Viral image,Photo shows hundreds of “sitting ships” waiting to dock at U.S. ports.,true
Bloggers,"“Vaxxed Delta pilot dies in-flight, emergency landing required.”",true
Instagram posts,"Department of Homeland Security “deemed as terrorism” behavior that includes “resisting COVID regulations” and “thinking the election was rigged.”...“In other words, if you are a Trump supporter, you are a terrorist.”",true
Viral image,A wind turbine “could never generate as much energy as was invested in building it.”,true
Tweets,"“Countless Southwest Airlines employees have walked out of their jobs to oppose the vaccine mandate, causing operations to effectively shut down.”",true
Bloggers,"""Bill Gates talked about using vaccines to control population growth” in an “unedited 2010 TED Talk video""",true
Rick Scott,"""Joe Biden’s attorney general wants the FBI to go after parents for speaking out at school board meetings to protect kids from radical curriculum like critical race theory.""",true
Facebook posts,"“In case you forgot. Two years ago today, we were experiencing the greatest economy in the history of the world.”",true
